{"cameraMode":{"drawMode":0,"name":"Shaded","section":"Shading Mode"},"sceneLighting":true,"audioPlay":false,"sceneViewState":{"m_AlwaysRefresh":false,"showFog":true,"showSkybox":true,"showFlares":true,"showImageEffects":true,"showParticleSystems":true,"showVisualEffectGraphs":true,"m_FxEnabled":true},"in2DMode":false,"pivot":{"x":7.330467224121094,"y":2.277270793914795,"z":7.187055587768555},"rotation":{"x":-0.03383242338895798,"y":0.6798111796379089,"z":0.031423330307006839,"w":0.7319326996803284},"size":2.6158862113952638,"orthographic":false}